seizure,type,var_early,var_late,ratio,direction,n_early,n_late
1,sz_foc_ia_m_tonic,58.06615639003183,35.95008201779703,0.6191228118547993,DOWN ↓,1074,369
2,sz_foc_a_m_automatisms,36.870333636632246,40.27763273122867,1.092413025826572,UP ↑,1058,340
3,sz_foc_ia_nm,43.32090659532915,37.09842682676403,0.8563631221596821,DOWN ↓,957,309
4,sz_foc_a_nm,37.664293456702644,39.79309665347187,1.05652046013332,UP ↑,934,319
